"VAR","RESPONSE","MEANING"
"W101_01a",1,"nicht gewählt"
"W101_01a",2,"ausgewählt"
"W102_01a",1,"nicht gewählt"
"W102_01a",2,"ausgewählt"
"W103_01a",1,"nicht gewählt"
"W103_01a",2,"ausgewählt"
"W104_01a",1,"nicht gewählt"
"W104_01a",2,"ausgewählt"
"W105_01a",1,"nicht gewählt"
"W105_01a",2,"ausgewählt"
"W106_01a",1,"nicht gewählt"
"W106_01a",2,"ausgewählt"
"W107_01a",1,"nicht gewählt"
"W107_01a",2,"ausgewählt"
"W108_01a",1,"nicht gewählt"
"W108_01a",2,"ausgewählt"
"W109_01a",1,"nicht gewählt"
"W109_01a",2,"ausgewählt"
"W110_01a",1,"nicht gewählt"
"W110_01a",2,"ausgewählt"
"W111_01a",1,"nicht gewählt"
"W111_01a",2,"ausgewählt"
"W112_01a",1,"nicht gewählt"
"W112_01a",2,"ausgewählt"
"W113_01a",1,"nicht gewählt"
"W113_01a",2,"ausgewählt"
"W114_01a",1,"nicht gewählt"
"W114_01a",2,"ausgewählt"
"W115_01a",1,"nicht gewählt"
"W115_01a",2,"ausgewählt"
"W116_01a",1,"nicht gewählt"
"W116_01a",2,"ausgewählt"
"W117_01a",1,"nicht gewählt"
"W117_01a",2,"ausgewählt"
"W118_01a",1,"nicht gewählt"
"W118_01a",2,"ausgewählt"
"W119_01a",1,"nicht gewählt"
"W119_01a",2,"ausgewählt"
"W120_01a",1,"nicht gewählt"
"W120_01a",2,"ausgewählt"
"W121_01a",1,"nicht gewählt"
"W121_01a",2,"ausgewählt"
"W122_01a",1,"nicht gewählt"
"W122_01a",2,"ausgewählt"
"W123_01a",1,"nicht gewählt"
"W123_01a",2,"ausgewählt"
"W124_01a",1,"nicht gewählt"
"W124_01a",2,"ausgewählt"
"W125_01a",1,"nicht gewählt"
"W125_01a",2,"ausgewählt"
"W126_01a",1,"nicht gewählt"
"W126_01a",2,"ausgewählt"
"W127_01a",1,"nicht gewählt"
"W127_01a",2,"ausgewählt"
"W128_01a",1,"nicht gewählt"
"W128_01a",2,"ausgewählt"
"W129_01a",1,"nicht gewählt"
"W129_01a",2,"ausgewählt"
"W130_01a",1,"nicht gewählt"
"W130_01a",2,"ausgewählt"
"W131_01a",1,"nicht gewählt"
"W131_01a",2,"ausgewählt"
"W132_01a",1,"nicht gewählt"
"W132_01a",2,"ausgewählt"
"W133_01a",1,"nicht gewählt"
"W133_01a",2,"ausgewählt"
"W134_01a",1,"nicht gewählt"
"W134_01a",2,"ausgewählt"
"W135_01a",1,"nicht gewählt"
"W135_01a",2,"ausgewählt"
"W136_01a",1,"nicht gewählt"
"W136_01a",2,"ausgewählt"
"W137_01a",1,"nicht gewählt"
"W137_01a",2,"ausgewählt"
"W138_01a",1,"nicht gewählt"
"W138_01a",2,"ausgewählt"
"W139_01a",1,"nicht gewählt"
"W139_01a",2,"ausgewählt"
"W140_01a",1,"nicht gewählt"
"W140_01a",2,"ausgewählt"
"W141_01a",1,"nicht gewählt"
"W141_01a",2,"ausgewählt"
"W142_01a",1,"nicht gewählt"
"W142_01a",2,"ausgewählt"
"W143_01a",1,"nicht gewählt"
"W143_01a",2,"ausgewählt"
"W144_01a",1,"nicht gewählt"
"W144_01a",2,"ausgewählt"
"W145_01a",1,"nicht gewählt"
"W145_01a",2,"ausgewählt"
"W146_01a",1,"nicht gewählt"
"W146_01a",2,"ausgewählt"
"W147_01a",1,"nicht gewählt"
"W147_01a",2,"ausgewählt"
"W148_01a",1,"nicht gewählt"
"W148_01a",2,"ausgewählt"
"W149_01a",1,"nicht gewählt"
"W149_01a",2,"ausgewählt"
"W150_01a",1,"nicht gewählt"
"W150_01a",2,"ausgewählt"
"W151_01a",1,"nicht gewählt"
"W151_01a",2,"ausgewählt"
"W152_01a",1,"nicht gewählt"
"W152_01a",2,"ausgewählt"
"W153_01a",1,"nicht gewählt"
"W153_01a",2,"ausgewählt"
"W154_01a",1,"nicht gewählt"
"W154_01a",2,"ausgewählt"
"W155_01a",1,"nicht gewählt"
"W155_01a",2,"ausgewählt"
"W156_01a",1,"nicht gewählt"
"W156_01a",2,"ausgewählt"
"W157_01a",1,"nicht gewählt"
"W157_01a",2,"ausgewählt"
"W158_01a",1,"nicht gewählt"
"W158_01a",2,"ausgewählt"
"W159_01a",1,"nicht gewählt"
"W159_01a",2,"ausgewählt"
"W160_01a",1,"nicht gewählt"
"W160_01a",2,"ausgewählt"
"W161_01a",1,"nicht gewählt"
"W161_01a",2,"ausgewählt"
"W162_01a",1,"nicht gewählt"
"W162_01a",2,"ausgewählt"
"W163_01a",1,"nicht gewählt"
"W163_01a",2,"ausgewählt"
"W164_01a",1,"nicht gewählt"
"W164_01a",2,"ausgewählt"
"W165_01a",1,"nicht gewählt"
"W165_01a",2,"ausgewählt"
"W166_01a",1,"nicht gewählt"
"W166_01a",2,"ausgewählt"
"W167_01a",1,"nicht gewählt"
"W167_01a",2,"ausgewählt"
"W168_01a",1,"nicht gewählt"
"W168_01a",2,"ausgewählt"
"W169_01a",1,"nicht gewählt"
"W169_01a",2,"ausgewählt"
"W170_01a",1,"nicht gewählt"
"W170_01a",2,"ausgewählt"
"W171_01a",1,"nicht gewählt"
"W171_01a",2,"ausgewählt"
"W172_01a",1,"nicht gewählt"
"W172_01a",2,"ausgewählt"
"W173_01a",1,"nicht gewählt"
"W173_01a",2,"ausgewählt"
"W174_01a",1,"nicht gewählt"
"W174_01a",2,"ausgewählt"
"W175_01a",1,"nicht gewählt"
"W175_01a",2,"ausgewählt"
"W176_01a",1,"nicht gewählt"
"W176_01a",2,"ausgewählt"
"W177_01a",1,"nicht gewählt"
"W177_01a",2,"ausgewählt"
"W178_01a",1,"nicht gewählt"
"W178_01a",2,"ausgewählt"
"W179_01a",1,"nicht gewählt"
"W179_01a",2,"ausgewählt"
"W180_01a",1,"nicht gewählt"
"W180_01a",2,"ausgewählt"
"W181_01a",1,"nicht gewählt"
"W181_01a",2,"ausgewählt"
"W182_01a",1,"nicht gewählt"
"W182_01a",2,"ausgewählt"
"W183_01a",1,"nicht gewählt"
"W183_01a",2,"ausgewählt"
"W184_01a",1,"nicht gewählt"
"W184_01a",2,"ausgewählt"
"W185_01a",1,"nicht gewählt"
"W185_01a",2,"ausgewählt"
"W186_01a",1,"nicht gewählt"
"W186_01a",2,"ausgewählt"
"W187_01a",1,"nicht gewählt"
"W187_01a",2,"ausgewählt"
"W188_01a",1,"nicht gewählt"
"W188_01a",2,"ausgewählt"
"W189_01a",1,"nicht gewählt"
"W189_01a",2,"ausgewählt"
"W190_01a",1,"nicht gewählt"
"W190_01a",2,"ausgewählt"
"W191_01a",1,"nicht gewählt"
"W191_01a",2,"ausgewählt"
"W192_01a",1,"nicht gewählt"
"W192_01a",2,"ausgewählt"
"W193_01a",1,"nicht gewählt"
"W193_01a",2,"ausgewählt"
"W194_01a",1,"nicht gewählt"
"W194_01a",2,"ausgewählt"
"W195_01a",1,"nicht gewählt"
"W195_01a",2,"ausgewählt"
"W196_01a",1,"nicht gewählt"
"W196_01a",2,"ausgewählt"
"W197_01a",1,"nicht gewählt"
"W197_01a",2,"ausgewählt"
"W198_01a",1,"nicht gewählt"
"W198_01a",2,"ausgewählt"
"W199_01a",1,"nicht gewählt"
"W199_01a",2,"ausgewählt"
"W201_01a",1,"nicht gewählt"
"W201_01a",2,"ausgewählt"
"W202_01a",1,"nicht gewählt"
"W202_01a",2,"ausgewählt"
"W203_01a",1,"nicht gewählt"
"W203_01a",2,"ausgewählt"
"W204_01a",1,"nicht gewählt"
"W204_01a",2,"ausgewählt"
"W205_01a",1,"nicht gewählt"
"W205_01a",2,"ausgewählt"
"W206_01a",1,"nicht gewählt"
"W206_01a",2,"ausgewählt"
"W207_01a",1,"nicht gewählt"
"W207_01a",2,"ausgewählt"
"W208_01a",1,"nicht gewählt"
"W208_01a",2,"ausgewählt"
"W209_01a",1,"nicht gewählt"
"W209_01a",2,"ausgewählt"
"W210_01a",1,"nicht gewählt"
"W210_01a",2,"ausgewählt"
"W211_01a",1,"nicht gewählt"
"W211_01a",2,"ausgewählt"
"W212_01a",1,"nicht gewählt"
"W212_01a",2,"ausgewählt"
"W213_01a",1,"nicht gewählt"
"W213_01a",2,"ausgewählt"
"W214_01a",1,"nicht gewählt"
"W214_01a",2,"ausgewählt"
"W215_01a",1,"nicht gewählt"
"W215_01a",2,"ausgewählt"
"W216_01a",1,"nicht gewählt"
"W216_01a",2,"ausgewählt"
"W217_01a",1,"nicht gewählt"
"W217_01a",2,"ausgewählt"
"W218_01a",1,"nicht gewählt"
"W218_01a",2,"ausgewählt"
"W219_01a",1,"nicht gewählt"
"W219_01a",2,"ausgewählt"
"W220_01a",1,"nicht gewählt"
"W220_01a",2,"ausgewählt"
"W221_01a",1,"nicht gewählt"
"W221_01a",2,"ausgewählt"
"W222_01a",1,"nicht gewählt"
"W222_01a",2,"ausgewählt"
"W223_01a",1,"nicht gewählt"
"W223_01a",2,"ausgewählt"
"W224_01a",1,"nicht gewählt"
"W224_01a",2,"ausgewählt"
"W225_01a",1,"nicht gewählt"
"W225_01a",2,"ausgewählt"
"W226_01a",1,"nicht gewählt"
"W226_01a",2,"ausgewählt"
"W227_01a",1,"nicht gewählt"
"W227_01a",2,"ausgewählt"
"W228_01a",1,"nicht gewählt"
"W228_01a",2,"ausgewählt"
"W229_01a",1,"nicht gewählt"
"W229_01a",2,"ausgewählt"
"W230_01a",1,"nicht gewählt"
"W230_01a",2,"ausgewählt"
"W231_01a",1,"nicht gewählt"
"W231_01a",2,"ausgewählt"
"W232_01a",1,"nicht gewählt"
"W232_01a",2,"ausgewählt"
"W233_01a",1,"nicht gewählt"
"W233_01a",2,"ausgewählt"
"W234_01a",1,"nicht gewählt"
"W234_01a",2,"ausgewählt"
"W235_01a",1,"nicht gewählt"
"W235_01a",2,"ausgewählt"
"W236_01a",1,"nicht gewählt"
"W236_01a",2,"ausgewählt"
"W237_01a",1,"nicht gewählt"
"W237_01a",2,"ausgewählt"
"W238_01a",1,"nicht gewählt"
"W238_01a",2,"ausgewählt"
"W239_01a",1,"nicht gewählt"
"W239_01a",2,"ausgewählt"
"W240_01a",1,"nicht gewählt"
"W240_01a",2,"ausgewählt"
"W241_01a",1,"nicht gewählt"
"W241_01a",2,"ausgewählt"
"W242_01a",1,"nicht gewählt"
"W242_01a",2,"ausgewählt"
"W243_01a",1,"nicht gewählt"
"W243_01a",2,"ausgewählt"
"W244_01a",1,"nicht gewählt"
"W244_01a",2,"ausgewählt"
"W245_01a",1,"nicht gewählt"
"W245_01a",2,"ausgewählt"
"W246_01a",1,"nicht gewählt"
"W246_01a",2,"ausgewählt"
"W247_01a",1,"nicht gewählt"
"W247_01a",2,"ausgewählt"
"W248_01a",1,"nicht gewählt"
"W248_01a",2,"ausgewählt"
"W249_01a",1,"nicht gewählt"
"W249_01a",2,"ausgewählt"
"W250_01a",1,"nicht gewählt"
"W250_01a",2,"ausgewählt"
"W251_01a",1,"nicht gewählt"
"W251_01a",2,"ausgewählt"
"W252_01a",1,"nicht gewählt"
"W252_01a",2,"ausgewählt"
"W253_01a",1,"nicht gewählt"
"W253_01a",2,"ausgewählt"
"W254_01a",1,"nicht gewählt"
"W254_01a",2,"ausgewählt"
"W255_01a",1,"nicht gewählt"
"W255_01a",2,"ausgewählt"
"W256_01a",1,"nicht gewählt"
"W256_01a",2,"ausgewählt"
"W257_01a",1,"nicht gewählt"
"W257_01a",2,"ausgewählt"
"W258_01a",1,"nicht gewählt"
"W258_01a",2,"ausgewählt"
"W259_01a",1,"nicht gewählt"
"W259_01a",2,"ausgewählt"
"W260_01a",1,"nicht gewählt"
"W260_01a",2,"ausgewählt"
"W261_01a",1,"nicht gewählt"
"W261_01a",2,"ausgewählt"
"W262_01a",1,"nicht gewählt"
"W262_01a",2,"ausgewählt"
"W263_01a",1,"nicht gewählt"
"W263_01a",2,"ausgewählt"
"W264_01a",1,"nicht gewählt"
"W264_01a",2,"ausgewählt"
"W265_01a",1,"nicht gewählt"
"W265_01a",2,"ausgewählt"
"W266_01a",1,"nicht gewählt"
"W266_01a",2,"ausgewählt"
"W267_01a",1,"nicht gewählt"
"W267_01a",2,"ausgewählt"
"W268_01a",1,"nicht gewählt"
"W268_01a",2,"ausgewählt"
"W269_01a",1,"nicht gewählt"
"W269_01a",2,"ausgewählt"
"W270_01a",1,"nicht gewählt"
"W270_01a",2,"ausgewählt"
"W271_01a",1,"nicht gewählt"
"W271_01a",2,"ausgewählt"
"W272_01a",1,"nicht gewählt"
"W272_01a",2,"ausgewählt"
"W273_01a",1,"nicht gewählt"
"W273_01a",2,"ausgewählt"
"W274_01a",1,"nicht gewählt"
"W274_01a",2,"ausgewählt"
"W275_01a",1,"nicht gewählt"
"W275_01a",2,"ausgewählt"
"W276_01a",1,"nicht gewählt"
"W276_01a",2,"ausgewählt"
"W277_01a",1,"nicht gewählt"
"W277_01a",2,"ausgewählt"
"W278_01a",1,"nicht gewählt"
"W278_01a",2,"ausgewählt"
"W279_01a",1,"nicht gewählt"
"W279_01a",2,"ausgewählt"
"W280_01a",1,"nicht gewählt"
"W280_01a",2,"ausgewählt"
"W281_01a",1,"nicht gewählt"
"W281_01a",2,"ausgewählt"
"W282_01a",1,"nicht gewählt"
"W282_01a",2,"ausgewählt"
"W283_01a",1,"nicht gewählt"
"W283_01a",2,"ausgewählt"
"W284_01a",1,"nicht gewählt"
"W284_01a",2,"ausgewählt"
"W285_01a",1,"nicht gewählt"
"W285_01a",2,"ausgewählt"
"W286_01a",1,"nicht gewählt"
"W286_01a",2,"ausgewählt"
"W287_01a",1,"nicht gewählt"
"W287_01a",2,"ausgewählt"
"W288_01a",1,"nicht gewählt"
"W288_01a",2,"ausgewählt"
"W289_01a",1,"nicht gewählt"
"W289_01a",2,"ausgewählt"
"W290_01a",1,"nicht gewählt"
"W290_01a",2,"ausgewählt"
"W291_01a",1,"nicht gewählt"
"W291_01a",2,"ausgewählt"
"W292_01a",1,"nicht gewählt"
"W292_01a",2,"ausgewählt"
"W293_01a",1,"nicht gewählt"
"W293_01a",2,"ausgewählt"
"W294_01a",1,"nicht gewählt"
"W294_01a",2,"ausgewählt"
"W295_01a",1,"nicht gewählt"
"W295_01a",2,"ausgewählt"
"W296_01a",1,"nicht gewählt"
"W296_01a",2,"ausgewählt"
"W297_01a",1,"nicht gewählt"
"W297_01a",2,"ausgewählt"
"W298_01a",1,"nicht gewählt"
"W298_01a",2,"ausgewählt"
"W299_01a",1,"nicht gewählt"
"W299_01a",2,"ausgewählt"
"W301_01a",1,"nicht gewählt"
"W301_01a",2,"ausgewählt"
"W302_01a",1,"nicht gewählt"
"W302_01a",2,"ausgewählt"
"W303_01a",1,"nicht gewählt"
"W303_01a",2,"ausgewählt"
"W304_01a",1,"nicht gewählt"
"W304_01a",2,"ausgewählt"
"W305_01a",1,"nicht gewählt"
"W305_01a",2,"ausgewählt"
"W306_01a",1,"nicht gewählt"
"W306_01a",2,"ausgewählt"
"W307_01a",1,"nicht gewählt"
"W307_01a",2,"ausgewählt"
"W308_01a",1,"nicht gewählt"
"W308_01a",2,"ausgewählt"
"W309_01a",1,"nicht gewählt"
"W309_01a",2,"ausgewählt"
"W310_01a",1,"nicht gewählt"
"W310_01a",2,"ausgewählt"
"W311_01a",1,"nicht gewählt"
"W311_01a",2,"ausgewählt"
"W312_01a",1,"nicht gewählt"
"W312_01a",2,"ausgewählt"
"W313_01a",1,"nicht gewählt"
"W313_01a",2,"ausgewählt"
"W314_01a",1,"nicht gewählt"
"W314_01a",2,"ausgewählt"
"W315_01a",1,"nicht gewählt"
"W315_01a",2,"ausgewählt"
"W316_01a",1,"nicht gewählt"
"W316_01a",2,"ausgewählt"
"W317_01a",1,"nicht gewählt"
"W317_01a",2,"ausgewählt"
"W318_01a",1,"nicht gewählt"
"W318_01a",2,"ausgewählt"
"W319_01a",1,"nicht gewählt"
"W319_01a",2,"ausgewählt"
"W320_01a",1,"nicht gewählt"
"W320_01a",2,"ausgewählt"
"W321_01a",1,"nicht gewählt"
"W321_01a",2,"ausgewählt"
"W322_01a",1,"nicht gewählt"
"W322_01a",2,"ausgewählt"
"W323_01a",1,"nicht gewählt"
"W323_01a",2,"ausgewählt"
"W324_01a",1,"nicht gewählt"
"W324_01a",2,"ausgewählt"
"W325_01a",1,"nicht gewählt"
"W325_01a",2,"ausgewählt"
"W326_01a",1,"nicht gewählt"
"W326_01a",2,"ausgewählt"
"W327_01a",1,"nicht gewählt"
"W327_01a",2,"ausgewählt"
"W328_01a",1,"nicht gewählt"
"W328_01a",2,"ausgewählt"
"W329_01a",1,"nicht gewählt"
"W329_01a",2,"ausgewählt"
"W330_01a",1,"nicht gewählt"
"W330_01a",2,"ausgewählt"
"W401_01a",1,"nicht gewählt"
"W401_01a",2,"ausgewählt"
"W402_01a",1,"nicht gewählt"
"W402_01a",2,"ausgewählt"
"W403_01a",1,"nicht gewählt"
"W403_01a",2,"ausgewählt"
"W404_01a",1,"nicht gewählt"
"W404_01a",2,"ausgewählt"
"W405_01a",1,"nicht gewählt"
"W405_01a",2,"ausgewählt"
"W406_01a",1,"nicht gewählt"
"W406_01a",2,"ausgewählt"
"W407_01a",1,"nicht gewählt"
"W407_01a",2,"ausgewählt"
"W408_01a",1,"nicht gewählt"
"W408_01a",2,"ausgewählt"
"W409_01a",1,"nicht gewählt"
"W409_01a",2,"ausgewählt"
"W410_01a",1,"nicht gewählt"
"W410_01a",2,"ausgewählt"
"W411_01a",1,"nicht gewählt"
"W411_01a",2,"ausgewählt"
"W412_01a",1,"nicht gewählt"
"W412_01a",2,"ausgewählt"
"W413_01a",1,"nicht gewählt"
"W413_01a",2,"ausgewählt"
"W414_01a",1,"nicht gewählt"
"W414_01a",2,"ausgewählt"
"W415_01a",1,"nicht gewählt"
"W415_01a",2,"ausgewählt"
"W416_01a",1,"nicht gewählt"
"W416_01a",2,"ausgewählt"
"W417_01a",1,"nicht gewählt"
"W417_01a",2,"ausgewählt"
"W418_01a",1,"nicht gewählt"
"W418_01a",2,"ausgewählt"
"W419_01a",1,"nicht gewählt"
"W419_01a",2,"ausgewählt"
"W420_01a",1,"nicht gewählt"
"W420_01a",2,"ausgewählt"
"W421_01a",1,"nicht gewählt"
"W421_01a",2,"ausgewählt"
"W422_01a",1,"nicht gewählt"
"W422_01a",2,"ausgewählt"
"W423_01a",1,"nicht gewählt"
"W423_01a",2,"ausgewählt"
"W424_01a",1,"nicht gewählt"
"W424_01a",2,"ausgewählt"
"W425_01a",1,"nicht gewählt"
"W425_01a",2,"ausgewählt"
"W426_01a",1,"nicht gewählt"
"W426_01a",2,"ausgewählt"
"W427_01a",1,"nicht gewählt"
"W427_01a",2,"ausgewählt"
"W428_01a",1,"nicht gewählt"
"W428_01a",2,"ausgewählt"
"W429_01a",1,"nicht gewählt"
"W429_01a",2,"ausgewählt"
"W430_01a",1,"nicht gewählt"
"W430_01a",2,"ausgewählt"
"W431_01a",1,"nicht gewählt"
"W431_01a",2,"ausgewählt"
"W432_01a",1,"nicht gewählt"
"W432_01a",2,"ausgewählt"
"W433_01a",1,"nicht gewählt"
"W433_01a",2,"ausgewählt"
"W434_01a",1,"nicht gewählt"
"W434_01a",2,"ausgewählt"
"W435_01a",1,"nicht gewählt"
"W435_01a",2,"ausgewählt"
"W436_01a",1,"nicht gewählt"
"W436_01a",2,"ausgewählt"
"W437_01a",1,"nicht gewählt"
"W437_01a",2,"ausgewählt"
"W438_01a",1,"nicht gewählt"
"W438_01a",2,"ausgewählt"
"W439_01a",1,"nicht gewählt"
"W439_01a",2,"ausgewählt"
"W440_01a",1,"nicht gewählt"
"W440_01a",2,"ausgewählt"
"W441_01a",1,"nicht gewählt"
"W441_01a",2,"ausgewählt"
"W442_01a",1,"nicht gewählt"
"W442_01a",2,"ausgewählt"
"W443_01a",1,"nicht gewählt"
"W443_01a",2,"ausgewählt"
"W444_01a",1,"nicht gewählt"
"W444_01a",2,"ausgewählt"
"W445_01a",1,"nicht gewählt"
"W445_01a",2,"ausgewählt"
"W446_01a",1,"nicht gewählt"
"W446_01a",2,"ausgewählt"
"W447_01a",1,"nicht gewählt"
"W447_01a",2,"ausgewählt"
"W448_01a",1,"nicht gewählt"
"W448_01a",2,"ausgewählt"
"W449_01a",1,"nicht gewählt"
"W449_01a",2,"ausgewählt"
"W450_01a",1,"nicht gewählt"
"W450_01a",2,"ausgewählt"
"W451_01a",1,"nicht gewählt"
"W451_01a",2,"ausgewählt"
"W452_01a",1,"nicht gewählt"
"W452_01a",2,"ausgewählt"
"W453_01a",1,"nicht gewählt"
"W453_01a",2,"ausgewählt"
"W454_01a",1,"nicht gewählt"
"W454_01a",2,"ausgewählt"
"W455_01a",1,"nicht gewählt"
"W455_01a",2,"ausgewählt"
"W456_01a",1,"nicht gewählt"
"W456_01a",2,"ausgewählt"
"W457_01a",1,"nicht gewählt"
"W457_01a",2,"ausgewählt"
"W458_01a",1,"nicht gewählt"
"W458_01a",2,"ausgewählt"
"W459_01a",1,"nicht gewählt"
"W459_01a",2,"ausgewählt"
"W460_01a",1,"nicht gewählt"
"W460_01a",2,"ausgewählt"
"W461_01a",1,"nicht gewählt"
"W461_01a",2,"ausgewählt"
"W462_01a",1,"nicht gewählt"
"W462_01a",2,"ausgewählt"
"W463_01a",1,"nicht gewählt"
"W463_01a",2,"ausgewählt"
"W464_01a",1,"nicht gewählt"
"W464_01a",2,"ausgewählt"
"W465_01a",1,"nicht gewählt"
"W465_01a",2,"ausgewählt"
"W466_01a",1,"nicht gewählt"
"W466_01a",2,"ausgewählt"
"W467_01a",1,"nicht gewählt"
"W467_01a",2,"ausgewählt"
"W468_01a",1,"nicht gewählt"
"W468_01a",2,"ausgewählt"
"W469_01a",1,"nicht gewählt"
"W469_01a",2,"ausgewählt"
"W470_01a",1,"nicht gewählt"
"W470_01a",2,"ausgewählt"
"W471_01a",1,"nicht gewählt"
"W471_01a",2,"ausgewählt"
"W472_01a",1,"nicht gewählt"
"W472_01a",2,"ausgewählt"
"W473_01a",1,"nicht gewählt"
"W473_01a",2,"ausgewählt"
"W474_01a",1,"nicht gewählt"
"W474_01a",2,"ausgewählt"
"W475_01a",1,"nicht gewählt"
"W475_01a",2,"ausgewählt"
"W476_01a",1,"nicht gewählt"
"W476_01a",2,"ausgewählt"
"W477_01a",1,"nicht gewählt"
"W477_01a",2,"ausgewählt"
"W478_01a",1,"nicht gewählt"
"W478_01a",2,"ausgewählt"
"W479_01a",1,"nicht gewählt"
"W479_01a",2,"ausgewählt"
"W480_01a",1,"nicht gewählt"
"W480_01a",2,"ausgewählt"
"W481_01a",1,"nicht gewählt"
"W481_01a",2,"ausgewählt"
"W482_01a",1,"nicht gewählt"
"W482_01a",2,"ausgewählt"
"W483_01a",1,"nicht gewählt"
"W483_01a",2,"ausgewählt"
"W484_01a",1,"nicht gewählt"
"W484_01a",2,"ausgewählt"
"W485_01a",1,"nicht gewählt"
"W485_01a",2,"ausgewählt"
"W486_01a",1,"nicht gewählt"
"W486_01a",2,"ausgewählt"
"W487_01a",1,"nicht gewählt"
"W487_01a",2,"ausgewählt"
"W488_01a",1,"nicht gewählt"
"W488_01a",2,"ausgewählt"
"W489_01a",1,"nicht gewählt"
"W489_01a",2,"ausgewählt"
"W490_01a",1,"nicht gewählt"
"W490_01a",2,"ausgewählt"
"W491_01a",1,"nicht gewählt"
"W491_01a",2,"ausgewählt"
"W492_01a",1,"nicht gewählt"
"W492_01a",2,"ausgewählt"
"W493_01a",1,"nicht gewählt"
"W493_01a",2,"ausgewählt"
"W494_01a",1,"nicht gewählt"
"W494_01a",2,"ausgewählt"
"W495_01a",1,"nicht gewählt"
"W495_01a",2,"ausgewählt"
"W496_01a",1,"nicht gewählt"
"W496_01a",2,"ausgewählt"
"W497_01a",1,"nicht gewählt"
"W497_01a",2,"ausgewählt"
"W498_01a",1,"nicht gewählt"
"W498_01a",2,"ausgewählt"
"W499_01a",1,"nicht gewählt"
"W499_01a",2,"ausgewählt"
"W501_01a",1,"nicht gewählt"
"W501_01a",2,"ausgewählt"
"W502_01a",1,"nicht gewählt"
"W502_01a",2,"ausgewählt"
"W503_01a",1,"nicht gewählt"
"W503_01a",2,"ausgewählt"
"W504_01a",1,"nicht gewählt"
"W504_01a",2,"ausgewählt"
"W505_01a",1,"nicht gewählt"
"W505_01a",2,"ausgewählt"
"W506_01a",1,"nicht gewählt"
"W506_01a",2,"ausgewählt"
"W507_01a",1,"nicht gewählt"
"W507_01a",2,"ausgewählt"
"W508_01a",1,"nicht gewählt"
"W508_01a",2,"ausgewählt"
"W509_01a",1,"nicht gewählt"
"W509_01a",2,"ausgewählt"
"W510_01a",1,"nicht gewählt"
"W510_01a",2,"ausgewählt"
"W511_01a",1,"nicht gewählt"
"W511_01a",2,"ausgewählt"
"W512_01a",1,"nicht gewählt"
"W512_01a",2,"ausgewählt"
"W513_01a",1,"nicht gewählt"
"W513_01a",2,"ausgewählt"
"W514_01a",1,"nicht gewählt"
"W514_01a",2,"ausgewählt"
"W515_01a",1,"nicht gewählt"
"W515_01a",2,"ausgewählt"
"W516_01a",1,"nicht gewählt"
"W516_01a",2,"ausgewählt"
"W517_01a",1,"nicht gewählt"
"W517_01a",2,"ausgewählt"
"W518_01a",1,"nicht gewählt"
"W518_01a",2,"ausgewählt"
"W519_01a",1,"nicht gewählt"
"W519_01a",2,"ausgewählt"
"W520_01a",1,"nicht gewählt"
"W520_01a",2,"ausgewählt"
"W521_01a",1,"nicht gewählt"
"W521_01a",2,"ausgewählt"
"W522_01a",1,"nicht gewählt"
"W522_01a",2,"ausgewählt"
"W523_01a",1,"nicht gewählt"
"W523_01a",2,"ausgewählt"
"W524_01a",1,"nicht gewählt"
"W524_01a",2,"ausgewählt"
"W525_01a",1,"nicht gewählt"
"W525_01a",2,"ausgewählt"
"W526_01a",1,"nicht gewählt"
"W526_01a",2,"ausgewählt"
"W527_01a",1,"nicht gewählt"
"W527_01a",2,"ausgewählt"
"W528_01a",1,"nicht gewählt"
"W528_01a",2,"ausgewählt"
"W529_01a",1,"nicht gewählt"
"W529_01a",2,"ausgewählt"
"W530_01a",1,"nicht gewählt"
"W530_01a",2,"ausgewählt"
"W531_01a",1,"nicht gewählt"
"W531_01a",2,"ausgewählt"
"W532_01a",1,"nicht gewählt"
"W532_01a",2,"ausgewählt"
"W533_01a",1,"nicht gewählt"
"W533_01a",2,"ausgewählt"
"W534_01a",1,"nicht gewählt"
"W534_01a",2,"ausgewählt"
"W535_01a",1,"nicht gewählt"
"W535_01a",2,"ausgewählt"
"W536_01a",1,"nicht gewählt"
"W536_01a",2,"ausgewählt"
"W537_01a",1,"nicht gewählt"
"W537_01a",2,"ausgewählt"
"W538_01a",1,"nicht gewählt"
"W538_01a",2,"ausgewählt"
"W539_01a",1,"nicht gewählt"
"W539_01a",2,"ausgewählt"
"W540_01a",1,"nicht gewählt"
"W540_01a",2,"ausgewählt"
"W541_01a",1,"nicht gewählt"
"W541_01a",2,"ausgewählt"
"W542_01a",1,"nicht gewählt"
"W542_01a",2,"ausgewählt"
"W543_01a",1,"nicht gewählt"
"W543_01a",2,"ausgewählt"
"W544_01a",1,"nicht gewählt"
"W544_01a",2,"ausgewählt"
"W545_01a",1,"nicht gewählt"
"W545_01a",2,"ausgewählt"
"W546_01a",1,"nicht gewählt"
"W546_01a",2,"ausgewählt"
"W547_01a",1,"nicht gewählt"
"W547_01a",2,"ausgewählt"
"W548_01a",1,"nicht gewählt"
"W548_01a",2,"ausgewählt"
"W549_01a",1,"nicht gewählt"
"W549_01a",2,"ausgewählt"
"W550_01a",1,"nicht gewählt"
"W550_01a",2,"ausgewählt"
"W551_01a",1,"nicht gewählt"
"W551_01a",2,"ausgewählt"
"W552_01a",1,"nicht gewählt"
"W552_01a",2,"ausgewählt"
"W553_01a",1,"nicht gewählt"
"W553_01a",2,"ausgewählt"
"W554_01a",1,"nicht gewählt"
"W554_01a",2,"ausgewählt"
"W555_01a",1,"nicht gewählt"
"W555_01a",2,"ausgewählt"
"W556_01a",1,"nicht gewählt"
"W556_01a",2,"ausgewählt"
"W557_01a",1,"nicht gewählt"
"W557_01a",2,"ausgewählt"
"W558_01a",1,"nicht gewählt"
"W558_01a",2,"ausgewählt"
"W559_01a",1,"nicht gewählt"
"W559_01a",2,"ausgewählt"
"W560_01a",1,"nicht gewählt"
"W560_01a",2,"ausgewählt"
"W561_01a",1,"nicht gewählt"
"W561_01a",2,"ausgewählt"
"W562_01a",1,"nicht gewählt"
"W562_01a",2,"ausgewählt"
"W563_01a",1,"nicht gewählt"
"W563_01a",2,"ausgewählt"
"W564_01a",1,"nicht gewählt"
"W564_01a",2,"ausgewählt"
"W565_01a",1,"nicht gewählt"
"W565_01a",2,"ausgewählt"
"W566_01a",1,"nicht gewählt"
"W566_01a",2,"ausgewählt"
"W567_01a",1,"nicht gewählt"
"W567_01a",2,"ausgewählt"
"W568_01a",1,"nicht gewählt"
"W568_01a",2,"ausgewählt"
"W569_01a",1,"nicht gewählt"
"W569_01a",2,"ausgewählt"
"W570_01a",1,"nicht gewählt"
"W570_01a",2,"ausgewählt"
"W571_01a",1,"nicht gewählt"
"W571_01a",2,"ausgewählt"
"W572_01a",1,"nicht gewählt"
"W572_01a",2,"ausgewählt"
"W573_01a",1,"nicht gewählt"
"W573_01a",2,"ausgewählt"
"W574_01a",1,"nicht gewählt"
"W574_01a",2,"ausgewählt"
"W575_01a",1,"nicht gewählt"
"W575_01a",2,"ausgewählt"
"W576_01a",1,"nicht gewählt"
"W576_01a",2,"ausgewählt"
"W577_01a",1,"nicht gewählt"
"W577_01a",2,"ausgewählt"
"W578_01a",1,"nicht gewählt"
"W578_01a",2,"ausgewählt"
"W579_01a",1,"nicht gewählt"
"W579_01a",2,"ausgewählt"
"W580_01a",1,"nicht gewählt"
"W580_01a",2,"ausgewählt"
"W581_01a",1,"nicht gewählt"
"W581_01a",2,"ausgewählt"
"W582_01a",1,"nicht gewählt"
"W582_01a",2,"ausgewählt"
"W583_01a",1,"nicht gewählt"
"W583_01a",2,"ausgewählt"
"W584_01a",1,"nicht gewählt"
"W584_01a",2,"ausgewählt"
"W585_01a",1,"nicht gewählt"
"W585_01a",2,"ausgewählt"
"W586_01a",1,"nicht gewählt"
"W586_01a",2,"ausgewählt"
"W587_01a",1,"nicht gewählt"
"W587_01a",2,"ausgewählt"
"W588_01a",1,"nicht gewählt"
"W588_01a",2,"ausgewählt"
"W589_01a",1,"nicht gewählt"
"W589_01a",2,"ausgewählt"
"W590_01a",1,"nicht gewählt"
"W590_01a",2,"ausgewählt"
"W591_01a",1,"nicht gewählt"
"W591_01a",2,"ausgewählt"
"W592_01a",1,"nicht gewählt"
"W592_01a",2,"ausgewählt"
"W593_01a",1,"nicht gewählt"
"W593_01a",2,"ausgewählt"
"W594_01a",1,"nicht gewählt"
"W594_01a",2,"ausgewählt"
"W595_01a",1,"nicht gewählt"
"W595_01a",2,"ausgewählt"
"W596_01a",1,"nicht gewählt"
"W596_01a",2,"ausgewählt"
"W597_01a",1,"nicht gewählt"
"W597_01a",2,"ausgewählt"
"W598_01a",1,"nicht gewählt"
"W598_01a",2,"ausgewählt"
"W599_01a",1,"nicht gewählt"
"W599_01a",2,"ausgewählt"
"W601_01a",1,"nicht gewählt"
"W601_01a",2,"ausgewählt"
"W602_01a",1,"nicht gewählt"
"W602_01a",2,"ausgewählt"
"W603_01a",1,"nicht gewählt"
"W603_01a",2,"ausgewählt"
"W604_01a",1,"nicht gewählt"
"W604_01a",2,"ausgewählt"
"W605_01a",1,"nicht gewählt"
"W605_01a",2,"ausgewählt"
"W606_01a",1,"nicht gewählt"
"W606_01a",2,"ausgewählt"
"W607_01a",1,"nicht gewählt"
"W607_01a",2,"ausgewählt"
"W608_01a",1,"nicht gewählt"
"W608_01a",2,"ausgewählt"
"W609_01a",1,"nicht gewählt"
"W609_01a",2,"ausgewählt"
"W610_01a",1,"nicht gewählt"
"W610_01a",2,"ausgewählt"
"W611_01a",1,"nicht gewählt"
"W611_01a",2,"ausgewählt"
"W612_01a",1,"nicht gewählt"
"W612_01a",2,"ausgewählt"
"W613_01a",1,"nicht gewählt"
"W613_01a",2,"ausgewählt"
"W614_01a",1,"nicht gewählt"
"W614_01a",2,"ausgewählt"
"W615_01a",1,"nicht gewählt"
"W615_01a",2,"ausgewählt"
"W616_01a",1,"nicht gewählt"
"W616_01a",2,"ausgewählt"
"W617_01a",1,"nicht gewählt"
"W617_01a",2,"ausgewählt"
"W618_01a",1,"nicht gewählt"
"W618_01a",2,"ausgewählt"
"W619_01a",1,"nicht gewählt"
"W619_01a",2,"ausgewählt"
"W620_01a",1,"nicht gewählt"
"W620_01a",2,"ausgewählt"
"W621_01a",1,"nicht gewählt"
"W621_01a",2,"ausgewählt"
"W622_01a",1,"nicht gewählt"
"W622_01a",2,"ausgewählt"
"W623_01a",1,"nicht gewählt"
"W623_01a",2,"ausgewählt"
"W624_01a",1,"nicht gewählt"
"W624_01a",2,"ausgewählt"
"W625_01a",1,"nicht gewählt"
"W625_01a",2,"ausgewählt"
"W626_01a",1,"nicht gewählt"
"W626_01a",2,"ausgewählt"
"W627_01a",1,"nicht gewählt"
"W627_01a",2,"ausgewählt"
"W628_01a",1,"nicht gewählt"
"W628_01a",2,"ausgewählt"
"W629_01a",1,"nicht gewählt"
"W629_01a",2,"ausgewählt"
"W630_01a",1,"nicht gewählt"
"W630_01a",2,"ausgewählt"
"W701_01a",1,"nicht gewählt"
"W701_01a",2,"ausgewählt"
"W702_01a",1,"nicht gewählt"
"W702_01a",2,"ausgewählt"
"W703_01a",1,"nicht gewählt"
"W703_01a",2,"ausgewählt"
"W704_01a",1,"nicht gewählt"
"W704_01a",2,"ausgewählt"
"W705_01a",1,"nicht gewählt"
"W705_01a",2,"ausgewählt"
"W706_01a",1,"nicht gewählt"
"W706_01a",2,"ausgewählt"
"W707_01a",1,"nicht gewählt"
"W707_01a",2,"ausgewählt"
"W708_01a",1,"nicht gewählt"
"W708_01a",2,"ausgewählt"
"W709_01a",1,"nicht gewählt"
"W709_01a",2,"ausgewählt"
"W710_01a",1,"nicht gewählt"
"W710_01a",2,"ausgewählt"
"W711_01a",1,"nicht gewählt"
"W711_01a",2,"ausgewählt"
"W712_01a",1,"nicht gewählt"
"W712_01a",2,"ausgewählt"
"W713_01a",1,"nicht gewählt"
"W713_01a",2,"ausgewählt"
"W714_01a",1,"nicht gewählt"
"W714_01a",2,"ausgewählt"
"W715_01a",1,"nicht gewählt"
"W715_01a",2,"ausgewählt"
"W716_01a",1,"nicht gewählt"
"W716_01a",2,"ausgewählt"
"W717_01a",1,"nicht gewählt"
"W717_01a",2,"ausgewählt"
"W718_01a",1,"nicht gewählt"
"W718_01a",2,"ausgewählt"
"W719_01a",1,"nicht gewählt"
"W719_01a",2,"ausgewählt"
"W720_01a",1,"nicht gewählt"
"W720_01a",2,"ausgewählt"
"W721_01a",1,"nicht gewählt"
"W721_01a",2,"ausgewählt"
"W722_01a",1,"nicht gewählt"
"W722_01a",2,"ausgewählt"
"W723_01a",1,"nicht gewählt"
"W723_01a",2,"ausgewählt"
"W724_01a",1,"nicht gewählt"
"W724_01a",2,"ausgewählt"
"W725_01a",1,"nicht gewählt"
"W725_01a",2,"ausgewählt"
"W726_01a",1,"nicht gewählt"
"W726_01a",2,"ausgewählt"
"W727_01a",1,"nicht gewählt"
"W727_01a",2,"ausgewählt"
"W728_01a",1,"nicht gewählt"
"W728_01a",2,"ausgewählt"
"W729_01a",1,"nicht gewählt"
"W729_01a",2,"ausgewählt"
"W730_01a",1,"nicht gewählt"
"W730_01a",2,"ausgewählt"
"W731_01a",1,"nicht gewählt"
"W731_01a",2,"ausgewählt"
"W732_01a",1,"nicht gewählt"
"W732_01a",2,"ausgewählt"
"W733_01a",1,"nicht gewählt"
"W733_01a",2,"ausgewählt"
"W734_01a",1,"nicht gewählt"
"W734_01a",2,"ausgewählt"
"W735_01a",1,"nicht gewählt"
"W735_01a",2,"ausgewählt"
"W736_01a",1,"nicht gewählt"
"W736_01a",2,"ausgewählt"
"W737_01a",1,"nicht gewählt"
"W737_01a",2,"ausgewählt"
"W738_01a",1,"nicht gewählt"
"W738_01a",2,"ausgewählt"
"W739_01a",1,"nicht gewählt"
"W739_01a",2,"ausgewählt"
"W740_01a",1,"nicht gewählt"
"W740_01a",2,"ausgewählt"
"W741_01a",1,"nicht gewählt"
"W741_01a",2,"ausgewählt"
"W742_01a",1,"nicht gewählt"
"W742_01a",2,"ausgewählt"
"W743_01a",1,"nicht gewählt"
"W743_01a",2,"ausgewählt"
"W744_01a",1,"nicht gewählt"
"W744_01a",2,"ausgewählt"
"W745_01a",1,"nicht gewählt"
"W745_01a",2,"ausgewählt"
"W746_01a",1,"nicht gewählt"
"W746_01a",2,"ausgewählt"
"W747_01a",1,"nicht gewählt"
"W747_01a",2,"ausgewählt"
"W748_01a",1,"nicht gewählt"
"W748_01a",2,"ausgewählt"
"W749_01a",1,"nicht gewählt"
"W749_01a",2,"ausgewählt"
"W750_01a",1,"nicht gewählt"
"W750_01a",2,"ausgewählt"
"W751_01a",1,"nicht gewählt"
"W751_01a",2,"ausgewählt"
"W752_01a",1,"nicht gewählt"
"W752_01a",2,"ausgewählt"
"W753_01a",1,"nicht gewählt"
"W753_01a",2,"ausgewählt"
"W754_01a",1,"nicht gewählt"
"W754_01a",2,"ausgewählt"
"W755_01a",1,"nicht gewählt"
"W755_01a",2,"ausgewählt"
"W756_01a",1,"nicht gewählt"
"W756_01a",2,"ausgewählt"
"W757_01a",1,"nicht gewählt"
"W757_01a",2,"ausgewählt"
"W758_01a",1,"nicht gewählt"
"W758_01a",2,"ausgewählt"
"W759_01a",1,"nicht gewählt"
"W759_01a",2,"ausgewählt"
"W760_01a",1,"nicht gewählt"
"W760_01a",2,"ausgewählt"
"W761_01a",1,"nicht gewählt"
"W761_01a",2,"ausgewählt"
"W762_01a",1,"nicht gewählt"
"W762_01a",2,"ausgewählt"
"W763_01a",1,"nicht gewählt"
"W763_01a",2,"ausgewählt"
"W764_01a",1,"nicht gewählt"
"W764_01a",2,"ausgewählt"
"W765_01a",1,"nicht gewählt"
"W765_01a",2,"ausgewählt"
"W766_01a",1,"nicht gewählt"
"W766_01a",2,"ausgewählt"
"W767_01a",1,"nicht gewählt"
"W767_01a",2,"ausgewählt"
"W768_01a",1,"nicht gewählt"
"W768_01a",2,"ausgewählt"
"W769_01a",1,"nicht gewählt"
"W769_01a",2,"ausgewählt"
"W770_01a",1,"nicht gewählt"
"W770_01a",2,"ausgewählt"
"W771_01a",1,"nicht gewählt"
"W771_01a",2,"ausgewählt"
"W772_01a",1,"nicht gewählt"
"W772_01a",2,"ausgewählt"
"W773_01a",1,"nicht gewählt"
"W773_01a",2,"ausgewählt"
"W774_01a",1,"nicht gewählt"
"W774_01a",2,"ausgewählt"
"W775_01a",1,"nicht gewählt"
"W775_01a",2,"ausgewählt"
"W776_01a",1,"nicht gewählt"
"W776_01a",2,"ausgewählt"
"W777_01a",1,"nicht gewählt"
"W777_01a",2,"ausgewählt"
"W778_01a",1,"nicht gewählt"
"W778_01a",2,"ausgewählt"
"W779_01a",1,"nicht gewählt"
"W779_01a",2,"ausgewählt"
"W780_01a",1,"nicht gewählt"
"W780_01a",2,"ausgewählt"
"W781_01a",1,"nicht gewählt"
"W781_01a",2,"ausgewählt"
"W782_01a",1,"nicht gewählt"
"W782_01a",2,"ausgewählt"
"W783_01a",1,"nicht gewählt"
"W783_01a",2,"ausgewählt"
"W784_01a",1,"nicht gewählt"
"W784_01a",2,"ausgewählt"
"W785_01a",1,"nicht gewählt"
"W785_01a",2,"ausgewählt"
"W786_01a",1,"nicht gewählt"
"W786_01a",2,"ausgewählt"
"W787_01a",1,"nicht gewählt"
"W787_01a",2,"ausgewählt"
"W788_01a",1,"nicht gewählt"
"W788_01a",2,"ausgewählt"
"W789_01a",1,"nicht gewählt"
"W789_01a",2,"ausgewählt"
"W790_01a",1,"nicht gewählt"
"W790_01a",2,"ausgewählt"
"W791_01a",1,"nicht gewählt"
"W791_01a",2,"ausgewählt"
"W792_01a",1,"nicht gewählt"
"W792_01a",2,"ausgewählt"
"W793_01a",1,"nicht gewählt"
"W793_01a",2,"ausgewählt"
"W794_01a",1,"nicht gewählt"
"W794_01a",2,"ausgewählt"
"W795_01a",1,"nicht gewählt"
"W795_01a",2,"ausgewählt"
"W796_01a",1,"nicht gewählt"
"W796_01a",2,"ausgewählt"
"W797_01a",1,"nicht gewählt"
"W797_01a",2,"ausgewählt"
"W798_01a",1,"nicht gewählt"
"W798_01a",2,"ausgewählt"
"W799_01a",1,"nicht gewählt"
"W799_01a",2,"ausgewählt"
"W801_01a",1,"nicht gewählt"
"W801_01a",2,"ausgewählt"
"W802_01a",1,"nicht gewählt"
"W802_01a",2,"ausgewählt"
"W803_01a",1,"nicht gewählt"
"W803_01a",2,"ausgewählt"
"W804_01a",1,"nicht gewählt"
"W804_01a",2,"ausgewählt"
"W805_01a",1,"nicht gewählt"
"W805_01a",2,"ausgewählt"
"W806_01a",1,"nicht gewählt"
"W806_01a",2,"ausgewählt"
"W807_01a",1,"nicht gewählt"
"W807_01a",2,"ausgewählt"
"W808_01a",1,"nicht gewählt"
"W808_01a",2,"ausgewählt"
"W809_01a",1,"nicht gewählt"
"W809_01a",2,"ausgewählt"
"W810_01a",1,"nicht gewählt"
"W810_01a",2,"ausgewählt"
"W811_01a",1,"nicht gewählt"
"W811_01a",2,"ausgewählt"
"W812_01a",1,"nicht gewählt"
"W812_01a",2,"ausgewählt"
"W813_01a",1,"nicht gewählt"
"W813_01a",2,"ausgewählt"
"W814_01a",1,"nicht gewählt"
"W814_01a",2,"ausgewählt"
"W815_01a",1,"nicht gewählt"
"W815_01a",2,"ausgewählt"
"W816_01a",1,"nicht gewählt"
"W816_01a",2,"ausgewählt"
"W817_01a",1,"nicht gewählt"
"W817_01a",2,"ausgewählt"
"W818_01a",1,"nicht gewählt"
"W818_01a",2,"ausgewählt"
"W819_01a",1,"nicht gewählt"
"W819_01a",2,"ausgewählt"
"W820_01a",1,"nicht gewählt"
"W820_01a",2,"ausgewählt"
"W821_01a",1,"nicht gewählt"
"W821_01a",2,"ausgewählt"
"W822_01a",1,"nicht gewählt"
"W822_01a",2,"ausgewählt"
"W823_01a",1,"nicht gewählt"
"W823_01a",2,"ausgewählt"
"W824_01a",1,"nicht gewählt"
"W824_01a",2,"ausgewählt"
"W825_01a",1,"nicht gewählt"
"W825_01a",2,"ausgewählt"
"W826_01a",1,"nicht gewählt"
"W826_01a",2,"ausgewählt"
"W827_01a",1,"nicht gewählt"
"W827_01a",2,"ausgewählt"
"W828_01a",1,"nicht gewählt"
"W828_01a",2,"ausgewählt"
"W829_01a",1,"nicht gewählt"
"W829_01a",2,"ausgewählt"
"W830_01a",1,"nicht gewählt"
"W830_01a",2,"ausgewählt"
"W831_01a",1,"nicht gewählt"
"W831_01a",2,"ausgewählt"
"W832_01a",1,"nicht gewählt"
"W832_01a",2,"ausgewählt"
"W833_01a",1,"nicht gewählt"
"W833_01a",2,"ausgewählt"
"W834_01a",1,"nicht gewählt"
"W834_01a",2,"ausgewählt"
"W835_01a",1,"nicht gewählt"
"W835_01a",2,"ausgewählt"
"W836_01a",1,"nicht gewählt"
"W836_01a",2,"ausgewählt"
"W837_01a",1,"nicht gewählt"
"W837_01a",2,"ausgewählt"
"W838_01a",1,"nicht gewählt"
"W838_01a",2,"ausgewählt"
"W839_01a",1,"nicht gewählt"
"W839_01a",2,"ausgewählt"
"W840_01a",1,"nicht gewählt"
"W840_01a",2,"ausgewählt"
"W841_01a",1,"nicht gewählt"
"W841_01a",2,"ausgewählt"
"W842_01a",1,"nicht gewählt"
"W842_01a",2,"ausgewählt"
"W843_01a",1,"nicht gewählt"
"W843_01a",2,"ausgewählt"
"W844_01a",1,"nicht gewählt"
"W844_01a",2,"ausgewählt"
"W845_01a",1,"nicht gewählt"
"W845_01a",2,"ausgewählt"
"W846_01a",1,"nicht gewählt"
"W846_01a",2,"ausgewählt"
"W847_01a",1,"nicht gewählt"
"W847_01a",2,"ausgewählt"
"W848_01a",1,"nicht gewählt"
"W848_01a",2,"ausgewählt"
"W849_01a",1,"nicht gewählt"
"W849_01a",2,"ausgewählt"
"W850_01a",1,"nicht gewählt"
"W850_01a",2,"ausgewählt"
"W851_01a",1,"nicht gewählt"
"W851_01a",2,"ausgewählt"
"W852_01a",1,"nicht gewählt"
"W852_01a",2,"ausgewählt"
"W853_01a",1,"nicht gewählt"
"W853_01a",2,"ausgewählt"
"W854_01a",1,"nicht gewählt"
"W854_01a",2,"ausgewählt"
"W855_01a",1,"nicht gewählt"
"W855_01a",2,"ausgewählt"
"W856_01a",1,"nicht gewählt"
"W856_01a",2,"ausgewählt"
"W857_01a",1,"nicht gewählt"
"W857_01a",2,"ausgewählt"
"W858_01a",1,"nicht gewählt"
"W858_01a",2,"ausgewählt"
"W859_01a",1,"nicht gewählt"
"W859_01a",2,"ausgewählt"
"W860_01a",1,"nicht gewählt"
"W860_01a",2,"ausgewählt"
"W861_01a",1,"nicht gewählt"
"W861_01a",2,"ausgewählt"
"W862_01a",1,"nicht gewählt"
"W862_01a",2,"ausgewählt"
"W863_01a",1,"nicht gewählt"
"W863_01a",2,"ausgewählt"
"W864_01a",1,"nicht gewählt"
"W864_01a",2,"ausgewählt"
"W865_01a",1,"nicht gewählt"
"W865_01a",2,"ausgewählt"
"W866_01a",1,"nicht gewählt"
"W866_01a",2,"ausgewählt"
"W867_01a",1,"nicht gewählt"
"W867_01a",2,"ausgewählt"
"W868_01a",1,"nicht gewählt"
"W868_01a",2,"ausgewählt"
"W869_01a",1,"nicht gewählt"
"W869_01a",2,"ausgewählt"
"W870_01a",1,"nicht gewählt"
"W870_01a",2,"ausgewählt"
"W871_01a",1,"nicht gewählt"
"W871_01a",2,"ausgewählt"
"W872_01a",1,"nicht gewählt"
"W872_01a",2,"ausgewählt"
"W873_01a",1,"nicht gewählt"
"W873_01a",2,"ausgewählt"
"W874_01a",1,"nicht gewählt"
"W874_01a",2,"ausgewählt"
"W875_01a",1,"nicht gewählt"
"W875_01a",2,"ausgewählt"
"W876_01a",1,"nicht gewählt"
"W876_01a",2,"ausgewählt"
"W877_01a",1,"nicht gewählt"
"W877_01a",2,"ausgewählt"
"W878_01a",1,"nicht gewählt"
"W878_01a",2,"ausgewählt"
"W879_01a",1,"nicht gewählt"
"W879_01a",2,"ausgewählt"
"W880_01a",1,"nicht gewählt"
"W880_01a",2,"ausgewählt"
"W881_01a",1,"nicht gewählt"
"W881_01a",2,"ausgewählt"
"W882_01a",1,"nicht gewählt"
"W882_01a",2,"ausgewählt"
"W883_01a",1,"nicht gewählt"
"W883_01a",2,"ausgewählt"
"W884_01a",1,"nicht gewählt"
"W884_01a",2,"ausgewählt"
"W885_01a",1,"nicht gewählt"
"W885_01a",2,"ausgewählt"
"W886_01a",1,"nicht gewählt"
"W886_01a",2,"ausgewählt"
"W887_01a",1,"nicht gewählt"
"W887_01a",2,"ausgewählt"
"W888_01a",1,"nicht gewählt"
"W888_01a",2,"ausgewählt"
"W889_01a",1,"nicht gewählt"
"W889_01a",2,"ausgewählt"
"W890_01a",1,"nicht gewählt"
"W890_01a",2,"ausgewählt"
"W891_01a",1,"nicht gewählt"
"W891_01a",2,"ausgewählt"
"W892_01a",1,"nicht gewählt"
"W892_01a",2,"ausgewählt"
"W893_01a",1,"nicht gewählt"
"W893_01a",2,"ausgewählt"
"W894_01a",1,"nicht gewählt"
"W894_01a",2,"ausgewählt"
"W895_01a",1,"nicht gewählt"
"W895_01a",2,"ausgewählt"
"W896_01a",1,"nicht gewählt"
"W896_01a",2,"ausgewählt"
"W897_01a",1,"nicht gewählt"
"W897_01a",2,"ausgewählt"
"W898_01a",1,"nicht gewählt"
"W898_01a",2,"ausgewählt"
"W899_01a",1,"nicht gewählt"
"W899_01a",2,"ausgewählt"
"W901_01a",1,"nicht gewählt"
"W901_01a",2,"ausgewählt"
"W902_01a",1,"nicht gewählt"
"W902_01a",2,"ausgewählt"
"W903_01a",1,"nicht gewählt"
"W903_01a",2,"ausgewählt"
"W904_01a",1,"nicht gewählt"
"W904_01a",2,"ausgewählt"
"W905_01a",1,"nicht gewählt"
"W905_01a",2,"ausgewählt"
"W906_01a",1,"nicht gewählt"
"W906_01a",2,"ausgewählt"
"W907_01a",1,"nicht gewählt"
"W907_01a",2,"ausgewählt"
"W908_01a",1,"nicht gewählt"
"W908_01a",2,"ausgewählt"
"W909_01a",1,"nicht gewählt"
"W909_01a",2,"ausgewählt"
"W910_01a",1,"nicht gewählt"
"W910_01a",2,"ausgewählt"
"W911_01a",1,"nicht gewählt"
"W911_01a",2,"ausgewählt"
"W912_01a",1,"nicht gewählt"
"W912_01a",2,"ausgewählt"
"W913_01a",1,"nicht gewählt"
"W913_01a",2,"ausgewählt"
"W914_01a",1,"nicht gewählt"
"W914_01a",2,"ausgewählt"
"W915_01a",1,"nicht gewählt"
"W915_01a",2,"ausgewählt"
"W916_01a",1,"nicht gewählt"
"W916_01a",2,"ausgewählt"
"W917_01a",1,"nicht gewählt"
"W917_01a",2,"ausgewählt"
"W918_01a",1,"nicht gewählt"
"W918_01a",2,"ausgewählt"
"W919_01a",1,"nicht gewählt"
"W919_01a",2,"ausgewählt"
"W920_01a",1,"nicht gewählt"
"W920_01a",2,"ausgewählt"
"W921_01a",1,"nicht gewählt"
"W921_01a",2,"ausgewählt"
"W922_01a",1,"nicht gewählt"
"W922_01a",2,"ausgewählt"
"W923_01a",1,"nicht gewählt"
"W923_01a",2,"ausgewählt"
"W924_01a",1,"nicht gewählt"
"W924_01a",2,"ausgewählt"
"W925_01a",1,"nicht gewählt"
"W925_01a",2,"ausgewählt"
"W926_01a",1,"nicht gewählt"
"W926_01a",2,"ausgewählt"
"W927_01a",1,"nicht gewählt"
"W927_01a",2,"ausgewählt"
"W928_01a",1,"nicht gewählt"
"W928_01a",2,"ausgewählt"
"W929_01a",1,"nicht gewählt"
"W929_01a",2,"ausgewählt"
"W930_01a",1,"nicht gewählt"
"W930_01a",2,"ausgewählt"
"WR01_01a",1,"nicht gewählt"
"WR01_01a",2,"ausgewählt"
"WR02_01a",1,"nicht gewählt"
"WR02_01a",2,"ausgewählt"
"WR03_01a",1,"nicht gewählt"
"WR03_01a",2,"ausgewählt"
"WR04_01a",1,"nicht gewählt"
"WR04_01a",2,"ausgewählt"
"WR05_01a",1,"nicht gewählt"
"WR05_01a",2,"ausgewählt"
"WR06_01a",1,"nicht gewählt"
"WR06_01a",2,"ausgewählt"
"WR07_01a",1,"nicht gewählt"
"WR07_01a",2,"ausgewählt"
"WR08_01a",1,"nicht gewählt"
"WR08_01a",2,"ausgewählt"
"WR09_01a",1,"nicht gewählt"
"WR09_01a",2,"ausgewählt"
"WR10_01a",1,"nicht gewählt"
"WR10_01a",2,"ausgewählt"
"WR11_01a",1,"nicht gewählt"
"WR11_01a",2,"ausgewählt"
"WR12_01a",1,"nicht gewählt"
"WR12_01a",2,"ausgewählt"
"WR13_01a",1,"nicht gewählt"
"WR13_01a",2,"ausgewählt"
"WR14_01a",1,"nicht gewählt"
"WR14_01a",2,"ausgewählt"
"WR15_01a",1,"nicht gewählt"
"WR15_01a",2,"ausgewählt"
"WR16_01a",1,"nicht gewählt"
"WR16_01a",2,"ausgewählt"
"WR17_01a",1,"nicht gewählt"
"WR17_01a",2,"ausgewählt"
"WR18_01a",1,"nicht gewählt"
"WR18_01a",2,"ausgewählt"
"WR19_01a",1,"nicht gewählt"
"WR19_01a",2,"ausgewählt"
"WR20_01a",1,"nicht gewählt"
"WR20_01a",2,"ausgewählt"
"WR21_01a",1,"nicht gewählt"
"WR21_01a",2,"ausgewählt"
"WR22_01a",1,"nicht gewählt"
"WR22_01a",2,"ausgewählt"
"WR23_01a",1,"nicht gewählt"
"WR23_01a",2,"ausgewählt"
"WR24_01a",1,"nicht gewählt"
"WR24_01a",2,"ausgewählt"
"WR25_01a",1,"nicht gewählt"
"WR25_01a",2,"ausgewählt"
"WR26_01a",1,"nicht gewählt"
"WR26_01a",2,"ausgewählt"
"WR27_01a",1,"nicht gewählt"
"WR27_01a",2,"ausgewählt"
"WR28_01a",1,"nicht gewählt"
"WR28_01a",2,"ausgewählt"
"WR29_01a",1,"nicht gewählt"
"WR29_01a",2,"ausgewählt"
"WR30_01a",1,"nicht gewählt"
"WR30_01a",2,"ausgewählt"
"WR31_01a",1,"nicht gewählt"
"WR31_01a",2,"ausgewählt"
"WR32_01a",1,"nicht gewählt"
"WR32_01a",2,"ausgewählt"
"WR33_01a",1,"nicht gewählt"
"WR33_01a",2,"ausgewählt"
"WR34_01a",1,"nicht gewählt"
"WR34_01a",2,"ausgewählt"
"WR35_01a",1,"nicht gewählt"
"WR35_01a",2,"ausgewählt"
"WR36_01a",1,"nicht gewählt"
"WR36_01a",2,"ausgewählt"
"WR37_01a",1,"nicht gewählt"
"WR37_01a",2,"ausgewählt"
"WR38_01a",1,"nicht gewählt"
"WR38_01a",2,"ausgewählt"
"WR39_01a",1,"nicht gewählt"
"WR39_01a",2,"ausgewählt"
"WR40_01a",1,"nicht gewählt"
"WR40_01a",2,"ausgewählt"
"WR41_01a",1,"nicht gewählt"
"WR41_01a",2,"ausgewählt"
"WR42_01a",1,"nicht gewählt"
"WR42_01a",2,"ausgewählt"
"WR43_01a",1,"nicht gewählt"
"WR43_01a",2,"ausgewählt"
"WR44_01a",1,"nicht gewählt"
"WR44_01a",2,"ausgewählt"
"WR45_01a",1,"nicht gewählt"
"WR45_01a",2,"ausgewählt"
"WR46_01a",1,"nicht gewählt"
"WR46_01a",2,"ausgewählt"
"WR47_01a",1,"nicht gewählt"
"WR47_01a",2,"ausgewählt"
"WR48_01a",1,"nicht gewählt"
"WR48_01a",2,"ausgewählt"
"WR49_01a",1,"nicht gewählt"
"WR49_01a",2,"ausgewählt"
"WR50_01a",1,"nicht gewählt"
"WR50_01a",2,"ausgewählt"
"WR51_01a",1,"nicht gewählt"
"WR51_01a",2,"ausgewählt"
"WR52_01a",1,"nicht gewählt"
"WR52_01a",2,"ausgewählt"
"WR53_01a",1,"nicht gewählt"
"WR53_01a",2,"ausgewählt"
"WR54_01a",1,"nicht gewählt"
"WR54_01a",2,"ausgewählt"
"WR55_01a",1,"nicht gewählt"
"WR55_01a",2,"ausgewählt"
"WR56_01a",1,"nicht gewählt"
"WR56_01a",2,"ausgewählt"
"WR57_01a",1,"nicht gewählt"
"WR57_01a",2,"ausgewählt"
"WR58_01a",1,"nicht gewählt"
"WR58_01a",2,"ausgewählt"
"WR59_01a",1,"nicht gewählt"
"WR59_01a",2,"ausgewählt"
"WR60_01a",1,"nicht gewählt"
"WR60_01a",2,"ausgewählt"
"WR61_01a",1,"nicht gewählt"
"WR61_01a",2,"ausgewählt"
"WR62_01a",1,"nicht gewählt"
"WR62_01a",2,"ausgewählt"
"WR63_01a",1,"nicht gewählt"
"WR63_01a",2,"ausgewählt"
"WR64_01a",1,"nicht gewählt"
"WR64_01a",2,"ausgewählt"
"WR65_01a",1,"nicht gewählt"
"WR65_01a",2,"ausgewählt"
"WR66_01a",1,"nicht gewählt"
"WR66_01a",2,"ausgewählt"
"WR67_01a",1,"nicht gewählt"
"WR67_01a",2,"ausgewählt"
"WR68_01a",1,"nicht gewählt"
"WR68_01a",2,"ausgewählt"
"WR69_01a",1,"nicht gewählt"
"WR69_01a",2,"ausgewählt"
"WR70_01a",1,"nicht gewählt"
"WR70_01a",2,"ausgewählt"
"WR71_01a",1,"nicht gewählt"
"WR71_01a",2,"ausgewählt"
"WR72_01a",1,"nicht gewählt"
"WR72_01a",2,"ausgewählt"
"WR73_01a",1,"nicht gewählt"
"WR73_01a",2,"ausgewählt"
"WR74_01a",1,"nicht gewählt"
"WR74_01a",2,"ausgewählt"
"WR75_01a",1,"nicht gewählt"
"WR75_01a",2,"ausgewählt"
"WS01_01a",1,"nicht gewählt"
"WS01_01a",2,"ausgewählt"
"WS02_01a",1,"nicht gewählt"
"WS02_01a",2,"ausgewählt"
"WS03_01a",1,"nicht gewählt"
"WS03_01a",2,"ausgewählt"
"WS04_01a",1,"nicht gewählt"
"WS04_01a",2,"ausgewählt"
"WS05_01a",1,"nicht gewählt"
"WS05_01a",2,"ausgewählt"
"WS06_01a",1,"nicht gewählt"
"WS06_01a",2,"ausgewählt"
"WS07_01a",1,"nicht gewählt"
"WS07_01a",2,"ausgewählt"
"WS08_01a",1,"nicht gewählt"
"WS08_01a",2,"ausgewählt"
"WS09_01a",1,"nicht gewählt"
"WS09_01a",2,"ausgewählt"
"WS10_01a",1,"nicht gewählt"
"WS10_01a",2,"ausgewählt"
"WS11_01a",1,"nicht gewählt"
"WS11_01a",2,"ausgewählt"
"WS12_01a",1,"nicht gewählt"
"WS12_01a",2,"ausgewählt"
"WS13_01a",1,"nicht gewählt"
"WS13_01a",2,"ausgewählt"
"WS14_01a",1,"nicht gewählt"
"WS14_01a",2,"ausgewählt"
"WS15_01a",1,"nicht gewählt"
"WS15_01a",2,"ausgewählt"
"WS16_01a",1,"nicht gewählt"
"WS16_01a",2,"ausgewählt"
"WS17_01a",1,"nicht gewählt"
"WS17_01a",2,"ausgewählt"
"WS18_01a",1,"nicht gewählt"
"WS18_01a",2,"ausgewählt"
"WS19_01a",1,"nicht gewählt"
"WS19_01a",2,"ausgewählt"
"WS20_01a",1,"nicht gewählt"
"WS20_01a",2,"ausgewählt"
"WS21_01a",1,"nicht gewählt"
"WS21_01a",2,"ausgewählt"
"WS22_01a",1,"nicht gewählt"
"WS22_01a",2,"ausgewählt"
"WS23_01a",1,"nicht gewählt"
"WS23_01a",2,"ausgewählt"
"WS24_01a",1,"nicht gewählt"
"WS24_01a",2,"ausgewählt"
"WS25_01a",1,"nicht gewählt"
"WS25_01a",2,"ausgewählt"
"WS26_01a",1,"nicht gewählt"
"WS26_01a",2,"ausgewählt"
"WS27_01a",1,"nicht gewählt"
"WS27_01a",2,"ausgewählt"
"WS28_01a",1,"nicht gewählt"
"WS28_01a",2,"ausgewählt"
"WS29_01a",1,"nicht gewählt"
"WS29_01a",2,"ausgewählt"
"WS30_01a",1,"nicht gewählt"
"WS30_01a",2,"ausgewählt"
"WS31_01a",1,"nicht gewählt"
"WS31_01a",2,"ausgewählt"
"FINISHED",0,"abgebrochen"
"FINISHED",1,"ausgefüllt"
"Q_VIEWER",0,"Teilnehmer"
"Q_VIEWER",1,"Durchklicker"